{
    "declarations": {
        "use_frameworks!": {
            "declaration": "use_frameworks!",
            "count": 1
        }
    },
    "sources": {
        "https://github.com/CocoaPods/Specs.git": {
            "source": "https://github.com/CocoaPods/Specs.git",
            "count": 1
        },
        "https://cdn.cocoapods.org/": {
            "source": "https://cdn.cocoapods.org/",
            "count": 1
        }
    },
    "libraries": {
        "Branch": {
            "name": "Branch",
            "spec": "~> 0.31.3",
            "count": 1
        },
        "FBSDKCoreKit": {
            "name": "FBSDKCoreKit",
            "spec": "5.15.0",
            "count": 1
        },
        "FBSDKLoginKit": {
            "name": "FBSDKLoginKit",
            "spec": "5.15.0",
            "count": 1
        },
        "FBSDKShareKit": {
            "name": "FBSDKShareKit",
            "spec": "5.15.0",
            "count": 1
        },
        "OneSignal": {
            "name": "OneSignal",
            "type": "podspec",
            "spec": "2.13.1",
            "count": 1
        }
    }
}