{
    "Security.framework": 3,
    "SystemConfiguration.framework": 1,
    "ImageIO.framework": 2,
    "CoreLocation.framework": 1,
    "AVFoundation.framework": 2,
    "UIKit.framework": 1,
    "Foundation.framework": 1,
    "QuartzCore.framework": 2,
    "MessageUI.framework": 2,
    "WebKit.framework": 1,
    "libz.tbd": 1,
    "Social.framework": 2,
    "MediaPlayer.framework": 1,
    "JavaScriptCore.framework": 1,
    "CoreText.framework": 1,
    "AddressBook.framework": 1,
    "Accounts.framework": 1,
    "CoreData.framework": 1
}